id;name;description;created_at
1;fen instead fooey;../fake-data/blob/hipster.txt;2026-05-06T07:23:41
2;boo yet where;../fake-data/blob/hipster.txt;2026-05-06T02:33:37
3;for;../fake-data/blob/hipster.txt;2026-05-06T11:39:00
4;aboard;../fake-data/blob/hipster.txt;2026-05-06T02:44:39
5;even uselessly;../fake-data/blob/hipster.txt;2026-05-06T05:22:02
6;blah;../fake-data/blob/hipster.txt;2026-05-06T16:31:04
7;round;../fake-data/blob/hipster.txt;2026-05-06T09:01:55
8;sniff seal;../fake-data/blob/hipster.txt;2026-05-06T11:59:00
9;near vainly inexperienced;../fake-data/blob/hipster.txt;2026-05-06T09:22:52
10;individual;../fake-data/blob/hipster.txt;2026-05-06T18:46:35
